sklep_marka;domowy_url;kat_a;kat_b;pytanie;odpowiedz
FORTE Meble;https://forte.com.pl;Dystrybucja i zakup;;Gdzie mogę zakupić meble marki FORTE?;Meble FORTE sprzedawane są przez sieć partnerską w ponad 1000 salonów meblowych na terenie całej Polski. Pełną listę punktów sprzedaży można znaleźć na naszej stronie internetowej w zakładce 'Gdzie kupić'.
FORTE Meble;https://forte.com.pl;Bezpieczeństwo i montaż;;Czy meble FORTE muszą być mocowane do ściany?;Tak, dla bezpieczeństwa użytkowników (szczególnie dzieci) większość wysokich mebli, takich jak komody, regały czy szafy, posiada w zestawie specjalne okucia przeznaczone do montażu ściennego. Kategorycznie zalecamy ich użycie zgodnie z załączoną instrukcją.
Szynaka Meble;https://szynaka.pl/pytania-i-odpowiedzi/;Zakup i Dostępność;;Gdzie można kupić meble?;Produkty firmy Szynaka Meble można kupić w ponad 350 salonach meblowych w całej Polsce. Sklep znajdujący się najbliżej Twojego miejsca zamieszkania znajdziesz w zakładce „Gdzie kupić?”.
Szynaka Meble;https://szynaka.pl/pytania-i-odpowiedzi/;Specyfikacja produktu;;Czy meble dostępne w ofercie są zmontowane, czy sprzedawane w paczkach do samodzielnego montażu?;Firma posiada w swojej ofercie zarówno meble zmontowane, jak i bryły przeznaczone do samodzielnego montażu. Przy interesujących Cię bryłach znajdziesz piktogramy zawierające tę informację.
Szynaka Meble;https://szynaka.pl/pytania-i-odpowiedzi/;Konfiguracja produktu;;Czy można zamówić mebel w innych kolorach niż jest on przedstawiony na zdjęciu?;W opisie produktu na stronie internetowej zawarta jest szczegółowa informacja, w jakich wybarwieniach kolorystycznych dostępny jest dany produkt.
Fabryka Mebli WERSAL;https://wersal.pl;Materiały i Tkaniny;;Jak dobrać odpowiednią tkaninę obiciową do mebli tapicerowanych?;W ofercie posiadamy szeroki wybór tkanin podzielonych na grupy cenowe. Udostępniamy tkaniny o właściwościach hydrofobowych (Water Blocked), łatwoczyszczące (Easy Clean) oraz przyjazne zwierzętom (Pet Friendly). Szczegóły techniczne i wzorniki dostępne są w salonach partnerskich.
Fabryka Mebli WERSAL;https://wersal.pl;Zamówienia;;Jak określić stronę narożnika przy zamówieniu?;"Stronę narożnika (prawą lub lewą) określamy, stając przodem do mebla. Jeśli krótsza część z szezlongiem znajduje się po Twojej prawej stronie, jest to narożnik prawy; jeśli po lewej - lewy."
Adriana Furniture;https://adriana.com.pl;Jakość i Gwarancja;;Z jakich materiałów wykonane są stelaże mebli Adriana?;Stelaże naszych mebli premium produkowane są z litego drewna liściastego (głównie bukowego) oraz wysokiej jakości sklejki, co zapewnia im wieloletnią trwałość i stabilność strukturalną.
Meble Wójcik;https://meblewojcik.pl/faq-czeste-pytania/;Montaż;;Gdzie znajdę instrukcję montażu mebli?;Instrukcje montażu w wersji papierowej są zawsze dołączone do paczek z elementami meblowymi. Jeśli instrukcja zaginęła, wersję cyfrową PDF można pobrać bezpośrednio ze strony internetowej, wchodząc na kartę konkretnego produktu.
Meble Wójcik;https://meblewojcik.pl/faq-czeste-pytania/;Obsługa posprzedażowa;;Co zrobić w przypadku braku lub uszkodzenia elementu w paczce?;Wszelkie braki okuć lub uszkodzenia elementów należy zgłosić za pośrednictwem formularza reklamacyjnego na stronie lub mailowo na adres infolinia@meblewojcik.pl, podając numer paczki i oznaczenie elementu z instrukcji montażu.
COM40;https://com40.pl;Współpraca i Produkcja;;Czy COM40 prowadzi sprzedaż detaliczną dla klientów indywidualnych?;COM40 jest jednym z największych producentów mebli tapicerowanych w Polsce, skupiającym się na masowej produkcji kontraktowej (B2B) dla globalnych marek. Nie prowadzimy bezpośredniego sklepu detalicznego dla klientów indywidualnych.
Nowy Styl;https://nowystyl.com/pl;Współpraca B2B;;Czy Nowy Styl nawiązuje współpracę z dostawcami na podstawie umowy czy dokumentu zamówienia?;W przypadku długoterminowej współpracy preferujemy podpisanie umowy ramowej, chociaż nie wykluczamy możliwości współpracy opierającej się wyłącznie na dokumentach zamówienia.
Nowy Styl;https://nowystyl.com/pl;Kontrola Jakości;;Jak wygląda proces akceptacji jakościowej nowych komponentów od dostawców?;Po pozytywnej ocenie dostawcy kupiec składa zamówienie na partię próbną wraz z wymaganą dokumentacją techniczną. W przypadku pozytywnego wyniku testów laboratoryjnych i montażowych, Nowy Styl składa zamówienie na partię z produkcji seryjnej.
SITS;https://sits.eu;Pielęgnacja mebli;;Czy pokrowce mebli SITS można prać w pralce?;To zależy od wybranego rodzaju tkaniny. Wiele modeli SITS oferuje opcję luźnego pokrowca (loose cover), który można zdjąć. Przed praniem należy bezwzględnie sprawdzić etykietę konserwacyjną - niektóre tkaniny wymagają wyłącznie prania chemicznego.
MIRJAN24;https://mirjan24.pl;Proces zakupowy;;Jak złożyć zamówienie w sklepie internetowym?;Wybierz produkt z oferty, określ jego parametry (rozmiar, kolor, rodzaj, ilość) i kliknij „Dodaj do koszyka”. W koszyku podaj swój adres, wybierz metodę dostawy oraz płatności i zatwierdź zamówienie. Otrzymasz e-mail potwierdzający.
MIRJAN24;https://mirjan24.pl;Metody płatności;;Jak mogę dokonać płatności za zamówienie?;Udostępniamy płatność gotówką przy odbiorze (nasi kurierzy przyjmują też płatności zbliżeniowo i BLIKiem), tradycyjny przelew, szybkie płatności online, BLIK, ApplePay, GooglePay, płatności odroczone (Twisto, PayPo) oraz system ratalny.
MIRJAN24;https://mirjan24.pl;Zakupy na raty;;Jak dokonać zakupów na raty?;Sprzedaż ratalną realizujemy online za pośrednictwem Santander Consumer Bank, Credit Agricole, PayU Raty lub Przelewy24. Wszystkie formalności i weryfikacja zdolności kredytowej odbywają się przez internet, bez wychodzenia z domu.
MIRJAN24;https://mirjan24.pl;Rabaty i Promocje;;Czy sklep oferuje dodatkowe zniżki dla klientów?;Tak, za zapis do newslettera przyznajemy 3% zniżki na zakupy. Klienci, którzy dokonali już u nas zakupów, otrzymują kod rabatowy 5% na kolejne zamówienie. Dodatkowo stałe promocje znajdują się w dedykowanej sekcji na stronie.
BODZIO Meble;https://bodzio.pl;Porady aranżacyjne;;Jakie sprzęty AGD dobrać do małej kuchni w bloku?;Do małej kuchni najlepiej wybrać kompaktowe sprzęty AGD: wąską zmywarkę (45 cm), płytę indukcyjną dwupalnikową oraz piekarnik z wbudowaną funkcją mikrofali, co pozwala zaoszczędzić cenną przestrzeń na blatach roboczych.
BODZIO Meble;https://bodzio.pl;Projektowanie wnętrz;;Czy warto zdecydować się na aneks kuchenny połączony z salonem?;Tak, w małych mieszkaniach połączenie kuchni z salonem pozwala na optyczne powiększenie przestrzeni mieszkalnej i lepsze doświetlenie pomieszczenia, otwierając strefę dzienną domowników.
KLER;https://kler.eu;Zamówienia indywidualne;;Czy meble Kler można spersonalizować pod kątem wymiarów?;Marka Kler oferuje bardzo szerokie możliwości personalizacji modułowej. Wiele kolekcji pozwala na dobór układu elementów, rodzaju i koloru skóry lub tkaniny premium, a także funkcji dodatkowych (np. elektryczne sensory relaksu), jednak wymiary poszczególnych modułów są zdefiniowane technologicznie.
Home&You;https://home-you.com;Zamówienia Marketplace;;Czy produkty oferowane przez Partnerów Marketplace można odebrać w salonie stacjonarnym?;Nie. Produkty oznaczone jako oferta od Sprzedawców Marketplace nie stanowią asortymentu własnego home&you, dlatego ich dostawa do salonów stacjonarnych nie jest możliwa. Nie można ich również opłacić kartą podarunkową home&you.
Home&You;https://home-you.com;Karty podarunkowe;;Gdzie sprawdzę saldo i ważność mojej karty podarunkowej?;Saldo oraz datę ważności karty (ważna 12 miesięcy od końca miesiąca wydania) można sprawdzić na stronie internetowej w sekcji Karta podarunkowa -> Saldo karty, podając jej numer i kod PIN, bądź bezpośrednio przy kasie w dowolnym salonie stacjonarnym.
DUKA;https://duka.com;Reklamacje;;Co podlega reklamacji i jakich dokumentów potrzebuję?;Reklamacji podlegają m.in. uszkodzenia transportowe, rysy, pęknięcia, nieszczelności urządzeń AGD lub niezgodność z opisem. Wymagany jest dowód zakupu (paragon/faktura lub potwierdzenie płatności kartą/numer zamówienia), dokładny opis wady oraz zdjęcia dokumentujące problem wysłane przez formularz online.
DUKA;https://duka.com;Zwroty towaru;;Jak poprawnie przygotować i odesłać zwrot do DUKA?;Towar musi być nieużywany i w oryginalnym opakowaniu. Można skorzystać z portalu Wygodne Zwroty, gdzie wypełnia się formularz online i nadaje paczkę w wybranym punkcie (np. Paczkomat, Żabka) bez konieczności drukowania etykiety. Zwrot środków następuje do 14 dni.
Eurofirany;https://eurofirany.com.pl;Usługi krawieckie;;Czy oferują Państwo szycie firan i zasłon na wymiar?;Tak, Eurofirany posiadają profesjonalne pracownie krawieckie. Zamówienie na szycie miarowe można złożyć w salonach stacjonarnych lub za pomocą konfiguratora szycia online na naszej stronie, wybierając rodzaj wykończenia (taśma, przelotki, fleksy) oraz dokładne wymiary.
Maxfliz;https://maxfliz.pl;Obsługa Klienta i Projektowanie;;Czy w Maxfliz mogę zamówić kompleksowy projekt wnętrza?;Tak, Maxfliz współpracuje z szerokim gronem architektów wnętrz i oferuje usługę profesjonalnego doradztwa projektowego przy zakupie materiałów wykończeniowych, płytek, armatury łazienkowej oraz mebli w naszych salonach handlowych.
KOMFORT;https://komfort.pl;Konto użytkownika;;Czy muszę zakładać konto, aby dokonać zakupu w sklepie Komfort?;Nie, zakupy można zrobić bez rejestracji jako gość. Założenie darmowego konta daje jednak korzyści w postaci śledzenia statusu zamówienia, wglądu w pełną historię zakupów oraz przyspiesza realizację kolejnych transakcji.
KOMFORT;https://komfort.pl;Modyfikacja zamówienia;;Czy mogę zmienić lub anulować złożone zamówienie?;Do momentu opłacenia zamówienia zmiany (ilość, rodzaj towaru, adres dostawy) można wprowadzać bezpośrednio. Po opłaceniu prosimy o pilny kontakt telefoniczny z Infolinią pod numerem 42 21 44 500 w celu weryfikacji etapu realizacji przesyłki.
KOMFORT;https://komfort.pl;Dostawa i Płatności;;Jakie metody płatności są akceptowane przy dostawie do domu?;Akceptujemy przelewy online, karty płatnicze, system BLIK oraz płatności ratalne za pośrednictwem zintegrowanego operatora Przelewy24.
WestwingNow;https://westwingnow.pl;Polityka zwrotów;;Ile czasu mam na zwrot produktu zakupionego na WestwingNow?;WestwingNow oferuje wydłużone prawo do odstąpienia od umowy. Na zwrot zakupionego towaru bez podania przyczyny masz aż 100 dni od dnia otrzymania przesyłki. Towar musi być odesłany w stanie nienaruszonym.
Meble.pl;https://meble.pl;Usługi CNC i Stolarskie;;Jak zamówić formatki meblowe cięte na wymiar?;Zamówienia na formatowanie płyt, oklejanie krawędzi oraz nawiercanie otworów CNC należy składać przez wysłanie projektu na adres email: cnc@meble.pl. Preferowanymi formatami plików są rysunki techniczne DWG lub DXF.
TwojeMeble;https://twojemeble.pl;Czas realizacji;;Dlaczego produkty w jednym zamówieniu mają różne terminy dostawy?;TwojeMeble to platforma zrzeszająca produkty wielu różnych producentów. Czas realizacji zależy od dostępności towaru u konkretnego producenta. Zamówienie wysyłamy zazwyczaj w jednej zbiorczej paczce po skompletowaniu całości, chyba że ustalono inaczej.
Selsey;https://selsey.pl;Logistyka dostaw;;Czy kurier ma obowiązek wniesienia paczki z meblami do mieszkania?;Standardowo kurier ma obowiązek wniesienia przesyłki pod drzwi lokalu, jeżeli jej waga nie przekracza 30 kg. W przypadku paczek cięższych (np. duże szafy, łóżka, narożniki) kurier dostarcza przesyłkę pod budynek, chyba że podczas składania zamówienia wybrano opcję dostawy premium z usługą wniesienia.
Selsey;https://selsey.pl;Usługi dodatkowe;;Czy sklep Selsey oferuje profesjonalny montaż zamówionych mebli?;Tak, przy wybranych grupach produktów oferujemy opcjonalną usługę profesjonalnego montażu mebli. Informacja o dostępności oraz cenniku tej usługi jest zamieszczona bezpośrednio na karcie wybranego produktu.
Selsey;https://selsey.pl;Harmonogram wysyłki;;Czy istnieje możliwość celowego opóźnienia wysyłki zamówienia?;Tak, możemy opóźnić wysyłkę zamówienia na prośbę klienta o maksymalnie 20 dni kalendarzowych względem standardowego terminu. Odpowiednią informację należy wpisać w polu uwag podczas finalizacji zamówienia (nie dotyczy produktów z wysyłką 24-48h).
SFMeble;https://sfmeble.pl;Integracja systemów;;Co oznacza połączenie marek sfmeble.pl i meble.pl dla mojego zamówienia?;W związku z dołączeniem sfmeble.pl do Grupy meble.pl następuje unifikacja magazynów i procedur obsługi. Przejściowo mogą wystąpić minimalne opóźnienia w realizacji lub obsłudze zwrotów, jednak dokładamy wszelkich starań, aby usprawnić standardy zakupowe.
Meblobranie.pl;https://meblobranie.pl;Finansowanie;;Czy przy wyborze płatności ratalnej przez internet ponoszę dodatkowe koszty?;To zależy od wybranej oferty banku. W Meblobranie.pl cyklicznie udostępniamy oferty 'Raty 0%', gdzie klient nie ponosi żadnych kosztów odsetek ani prowizji. Poza okresami promocyjnymi banki oferują standardowe oprocentowanie zależne od liczby rat.
EMAKO;https://emako.pl;Wysyłka;;Jak szybko wysyłane są produkty ze sklepu Emako?;Większość asortymentu (akcesoria domowe, organizery, tekstylia) znajduje się w naszym własnym magazynie. Zamówienia złożone i opłacone do godziny 12:00 są zazwyczaj wysyłane jeszcze tego samego dnia, a dostawa trwa 24-48h.
Westwing;https://westwing.pl;Model zakupowy;;Jak działa klub zakupowy Westwing?;Westwing działa jako zamknięty klub zakupowy oferujący codzienne, krótkie kampanie tematyczne z rabatami do -70%. Produkty w koszyku są rezerwowane na czas 20 minut - po tym okresie, ze względu na ograniczoną liczbę sztuk, wracają do ogólnej puli dostępnej dla innych członków klubu.
Dekoria;https://dekoria.pl;Zamówienia i czas realizacji;;Jaki jest standardowy termin realizacji zamówień w sklepie Dekoria?;Standardowy termin realizacji zamówień (w tym szytych na miarę rolet czy zasłon) wynosi około 5 dni roboczych, liczonych od momentu zaksięgowania wpłaty na naszym koncie bankowym.
Dekoria;https://dekoria.pl;Darmowe próbki;;Czy można zamówić próbki tkanin przed zakupem i ile one kosztują?;Tak, na stronie dekoria.pl/probnik można wybrać i zamówić do 10 darmowych próbek interesujących Cię tkanin. Wysyłamy je bezpłatnie za pośrednictwem Poczty Polskiej (list zwykły), aby ułatwić dopasowanie koloru i faktury do wnętrza.
Dekoria;https://dekoria.pl;Faktury i prawo do zwrotu;;Czy zamawiając towar na firmę (faktura VAT) przysługuje mi prawo do zwrotu?;Nie. Towar zakupiony w ramach prowadzonej działalności gospodarczej (z podaniem numeru NIP firmy) nie podlega standardowemu konsumenckiemu prawu do zwrotu bez podania przyczyny, ponieważ kupujący traci w tej sytuacji status Konsumenta.
Fabryka Form;https://fabrykaform.pl;Oryginalność produktów;;Czy wszystkie produkty oferowane w Fabryce Form są produktami oryginalnymi?;Tak, jesteśmy oficjalnym dystrybutorem wszystkich marek premium prezentowanych w naszym sklepie (m.in. Alessi, Stelton, Joseph Joseph). Wszystkie towary są w 100% oryginalne, fabrycznie nowe i objęte pełną gwarancją producenta.
SFMeble;https://www.sfmeble.pl/i/faq;Zamówienia;;Jak złożyć zamówienie? ;Zamówienie w sklepie internetowym sfmeble.pl możesz złożyć samodzielnie poprzez dodanie produktu do wirtualnego koszyka i wypełnienie potrzebnych danych, jak również telefonicznie u naszego konsultanta. Możesz też złożyć zamówienie drogą mailową na adres poczta@sfmeble.pl, należy jednak mieć na względzie, że nie jest to najszybsza droga, gdyż na maile odpowiadamy w kolejności chronologicznej. 
SFMeble;https://www.sfmeble.pl/i/faq;Zamówienia;;Jak sprawdzić status zamówienia? ;Każdorazowo, gdy status Twojego zamówienia ulega zmianie, otrzymujesz stosowną informację drogą mailową. Możesz także skontaktować się z nami telefonicznie, pamiętaj jednak, by mieć pod ręką numer zamówienia - to ułatwi i przyspieszy pracę konsultantowi, a także zaoszczędzi Twój czas. 
SFMeble;https://www.sfmeble.pl/i/faq;Zamówienia;;Jak długo czekam na realizację zamówienia? ;Zamówienia na produkty “wysyłka 24h” wysyłamy w ciągu doby od potwierdzenia (w przypadku przesyłki za pobraniem) lub od zaksięgowania przelewu na naszym koncie. Jeżeli zamawiasz produkt z dłuższą datą wysyłki (2-4 tygodnie lub inna data), oznacza to, że produktu nie posiadamy w magazynie - jest on dostępny tylko na zamówienie od producenta. Producenci mają zróżnicowane terminy dostaw, dodatkowo w przypadku niektórych produktów należy liczyć się z tym, że wskazana przez producenta data, to termin orientacyjny, który może ulec wydłużeniu, należy się zatem przygotować na dłuższy czas oczekiwania. Jest to związane z szeroką, międzynarodową siecią odbiorców i stanami magazynowymi producentów, które w związku z tym potrafią zmieniać się z godziny na godzinę. Dlatego w celu otrzymania swojego wymarzonego mebla w podanym terminie, musisz złożyć na niego zamówienie i “zarezerwować” go dla siebie. Gdy zamówione produkty przyjadą w dostawie, poinformujemy Cię telefonicznie o dacie wysyłki, a drogą mailową otrzymasz numer przesyłki. 
SFMeble;https://www.sfmeble.pl/i/faq;Zamówienia;;Jak anulować zamówienie? ;Możesz anulować zamówienie przed wysyłką. W takiej sytuacji skontaktuj się z naszą Infolinią telefonicznie, mailowo lub poprzez chat. Mam problem z logowaniem się do swojego konta/zapomniałem hasła? Jeśli nie pamiętasz hasła, skorzystaj z opcji jego zresetowania, dostępnej w panelu do logowania. Dzięki temu łatwo i szybko ustalisz nowe hasło, a następnie przy jego pomocy bez problemu zalogujesz się na swoje dotychczasowe konto klienta. 
SFMeble;https://www.sfmeble.pl/i/faq;Pielęgnacja mebli;;Jak pielęgnować zakupione meble? ;W celu zapewnienia długotrwałego korzystania z zakupionego produktu, przygotowaliśmy dla Państwa krótką instrukcję oraz kilka przydatnych wskazówek dotyczących pielęgnacji mebli. W razie jakichkolwiek pytań, nasi konsultanci udzielą Państwu dodatkowych informacji.Meble oferowane w naszym sklepie powinny być użytkowane zgodnie z ich przeznaczeniem, w pomieszczeniach mieszkalnych zabezpieczonych przed działaniem czynników atmosferycznych. Sprzedawca nie gwarantuje jakości oraz trwałości mebli użytkowanych w pomieszczeniach użyteczności publicznej, a także wykorzystywanych w celach komercyjnych i związanym z tym zwiększonym poziomem użytkowania. Sposób wykonania produktów oraz przeprowadzone testy jakościowe nie uwzględniają zwiększonej odporności wykorzystania, wykraczającej poza użytek domowy. Informacja o możliwości wykorzystania produktu w pomieszczeniach użyteczności publicznej oraz komercyjnych każdorazowo podawana jest na stronie internetowej w opisie lub nazwie produktu.
SFMeble;https://www.sfmeble.pl/i/faq;Dane osobowe;;KTO MA DOSTĘP DO MOICH DANYCH OSOBOWYCH?;Udostępniane przez Ciebie dane osobowe wykorzystywane są wyłącznie w celu realizacji Twojego zamówienia. Nie przekazujemy Twoich danych, nie sprzedajemy ich ani nie wymieniamy się nimi w celach marketingowych z innymi podmiotami. Dane przekazywane podmiotom zewnętrznym są używane wyłącznie do świadczenia Ci naszych usług (dotyczy to m.in. firm kurierskich realizujących dostawy do klientów). Wszyscy pracownicy naszego sklepu zostali odpowiednio przeszkoleni w zakresie przetwarzania danych osobowych, zgodnie z obowiązującym rozporządzeniem o ochronie danych osobowych (RODO). Szczegółowe informacje na ten temat znajdziesz w naszej polityce prywatności. 
SFMeble;https://www.sfmeble.pl/i/faq;Newsletter;;JAKIE KORZYŚCI OFERUJE NEWSLETTER?;Dzięki subskrypcji newslettera jako pierwszy dowiesz się o nowych akcjach promocyjnych i przedsprzedażach, jak również sezonowych wyprzedażach magazynu. Część organizowanych akcji promocyjnych adresowanych jest wyłącznie do subskrybentów. W naszych newsletterach znajdziesz także nowinki dotyczące topowych trendów oraz poradniki, które ułatwią Ci samodzielne zaplanowanie wystroju wnętrz. W każdym momencie możesz również zrezygnować z subskrypcji. 
Mebligo;https://mebligo.pl;;;Czy można gdzieś zobaczyć meble przed dostawą/usiąść na nich?;Niestety, nie posiadamy stacjonarnych salonów sprzedaży.
Mebligo;https://mebligo.pl;;;Czy jest możliwość modyfikacji mebla (zmiana wymiarów, koloru)?;Niestety, nie produkujemy mebli na wymiar. W wybranych modelach mebli można konfigurować dostępne parametry.
Mebligo;https://mebligo.pl;;;Gdzie znajdę instrukcję montażu?;Instrukcje montażu naszych mebli otrzymasz w smsie informującym o etapie realizacji Twojego zamówienia. Znajdziesz je też na stronie naszego sklepu, w produktach w zakładce Instrukcje.
Mebligo;https://mebligo.pl;;;Jakie są wymiary paczek?;Wymiary paczek zależne są od wybranego mebla. Jeśli potrzebujesz takiej informacji, skontaktuj się z nami (e-mail: kontakt@mebligo.pl, telefon: +48 455 455 044).
Mebligo;https://mebligo.pl;;;Mebel będzie dostarczany w całości czy paczkach do samodzielnego montażu?;To zależy od wybranego mebla: meble dostarczane są w całości (wybrane sofy, fotele) lub w paczkach do samodzielnego montażu. O szczegółach dowiesz się, kontaktując się z naszym BOK (skontaktuj się z nami (e-mail: kontakt@mebligo.pl, telefon: +48 455 455 044).
Mebligo;https://mebligo.pl;;;Jak mogę określić stronę mebla?;Stronę mebla należy określić, stojąc na wprost mebla. Jeśli wystająca część mebla jest po prawej stronie, wtedy narożnik jest prawostronny. Jeśli jest po lewej stronie - narożnik jest lewostronny.
Mebligo;https://mebligo.pl;;;Jakie wypełnienie jest bardziej komfortowe?;"""Do wyboru masz wypełnienie piankowe lub sprężyny bonell. Jednym z najczęściej stosowanych wypełnień w branży meblarskiej jest wypełnienie piankowe. Wykorzystywana przez nas pianka to pianka poliuretanowa T30. Wypełnienie to charakteryzuje się jednak ograniczoną odpornością na wygniatanie. Jeśli wiesz, że mebel, który kupujesz będzie intensywnie użytkowany, zalecamy wybór wypełnienia sprężynowego typu bonell. Sprężyny bonell charakteryzują się elastycznością i zdolnością do dopasowania się do kształtu ciała. Zapewniają równomierne wsparcie dla różnych stref ciała, co przekłada się na wyższy poziom komfortu podczas siedzenia lub leżenia. Są też odporne na odkształcenia. Dzięki temu mebel będzie służył przez długi czas, zachowując swój pierwotny kształt i wygodę. Dodatkowo sprężyny bonell charakteryzują się otwartą strukturą, co sprzyja lepszej cyrkulacji powietrza wewnątrz mebla."
Mebligo;https://mebligo.pl;;;Co to znaczy, że narożnik jest uniwersalny?;Narożnik uniwersalny to produkt, którego stronę określasz podczas pierwszego montażu. To Ty decydujesz, która strona mebla wpasuje się w Twoją przestrzeń. Jednak po dokonaniu pierwszego montażu mebel będzie już posiadał otwory, których nie można usunąć.
Mebligo;https://mebligo.pl;;;Jaki jest okres gwarancji?;Dajemy naszym Klientom 24 miesiące gwarancji na kupowane meble.
Mebligo;https://mebligo.pl;;;Jak zostaną zwrócone moje środki?;Zależnie od sposobu, w jaki dokonana została płatność: pobranie - zwrot gotówki, płatność przelewem - zwrot na konto.
Mebligo;https://mebligo.pl;;;Jak długo trzeba czekać na zwrot środków?;Zwrot środków nastąpi po powrocie mebla do siedziby firmy (zwykle następuje to w ciągu 7-10 dni). Jeśli masz jakieś wątpliwości, skontaktuj się z nami (e-mail: kontakt@mebligo.pl, telefon: +48 455 455 044).
Mebligo;https://mebligo.pl;;;Czy mogę zwrócić produkt?;Oczywiście, w naszym sklepie masz 30 dni na zwrot produktu. W pierwszej kolejności poinformuj nas o chęci odstąpienia od umowy zakupu poprzez wiadomość e-mail na adres kontakt@mebligo.pl. Po otrzymaniu wiadomości odpiszemy najszybciej jak to możliwe, a dział logistyki rozpocznie planowanie terminu odbioru mebla. Jeśli masz jakieś wątpliwości, skontaktuj się z nami (e-mail: kontakt@mebligo.pl, telefon: +48 455 455 044).
Mebligo;https://mebligo.pl;;;Jak przygotować mebel do zwrotu?;Jeśli zdecydowałeś/aś się na zwrot mebla, bardzo prosimy o odpowiednie przygotowanie go do transportu i zabezpieczenie mebla np. poprzez owinięcie go folią stretch. Prosimy również o wydanie produktu lub np. elementów przeznaczonych do zwrotu kierowcy w dniu zaplanowanego odbioru. Kierowca odbierze mebel przed budynkiem.
Mebligo;https://mebligo.pl;;;Czy mogę liczyć na pomoc w zamówieniu transportu, którym odeślę zwracane przeze mnie meble?;Tak. Odbieramy od naszych klientów zwracane meble. Jeśli masz jakieś pytania lub wątpliwości - skontaktuj się z nami: (e-mail: kontakt@mebligo.pl, telefon: +48 455 455 044).
Mebligo;https://mebligo.pl;;;Jak zapakować produkt, który chcę zwrócić?;Najpierw należy rozmontować mebel do początkowego kształtu. Przygotowane elementy należy owinąć np. folią stretch i odpowiednio zabezpieczyć kartonem.
Mebligo;https://mebligo.pl;;;Czy mogę zwrócić materac?;To zależy od czasu użytkowania. Takie przypadki rozpatrywane są indywidualnie. Prosimy o kontakt z BOK (e-mail: kontakt@mebligo.pl, telefon: +48 455 455 044).
Mebligo;https://mebligo.pl;;;Ile mam czasu na zgłoszenie chęci zwrotu mebla?;Nasi Klienci mają 30 dni na zwrot mebla.
Mebligo;https://mebligo.pl;;;W jaki sposób mogę zareklamować mebel?;Jeśli chcesz złożyć reklamację na zakupiony produkt, napisz do nas wiadomość na adres kontakt@mebligo.pl. Pamiętaj o dołączeniu w wiadomości opisu reklamowanego produktu oraz dokładnych i wyraźnych zdjęć uszkodzeń (zrób zdjęcia z bliska i z daleka). Staramy się odpowiadać na zgłoszenia reklamacyjne najszybciej jak to możliwe. W każdej chwili możesz się z nami skontaktować (e-mail: kontakt@mebligo.pl, telefon: +48 455 455 044).
Mebligo;https://mebligo.pl;;;Jak przygotować mebel do reklamacji?;W momencie reklamacji lub zwrotu prosimy o odpowiednie przygotowanie całego produktu lub reklamowanych elementów oraz właściwe zabezpieczenie ich np. folią stretch i kartonem. Prosimy również o wydanie produktu/elementów kierowcy w dniu odbioru. Kierowca nie odbiera mebli / elementów z domu/mieszkania.
Mebligo;https://mebligo.pl;;;Otrzymany przeze mnie produkt jest uszkodzony – co mam zrobić?;Prosimy o złożenie reklamacji poprzez wysłanie wiadomości e-mail z opisem uszkodzenia na: kontakt@mebligo.pl. Odpowiemy na wiadomość tak szybko jak to możliwe.
Mebligo;https://mebligo.pl;;;Czy na czas realizacji zgłoszenia mogę zmontować mebel i z niego korzystać?;Tak, możesz używać mebla.
Mebligo;https://mebligo.pl;;;W moim zamówieniu brakuje elementów – co mam zrobić?;Zweryfikuj najpierw w instrukcji montażu, czego potrzebujesz. Sprawdź następnie, czy paczki montażowe lub poduszki znajdują się w skrzyni / pojemniku na pościel. Jeśli nie znalazłeś niezbędnych elementów, skontaktuj się z naszym BOK (e-mail: kontakt@mebligo.pl, telefon: +48 455 455 044).
Mebligo;https://mebligo.pl;;;Czy oferujemy transport z wniesieniem mebli do mieszkania lub domu?;Tak, oferujemy możliwość dokupienia usługi wniesienia mebli do mieszkania lub domu. Koszt usługi doliczany jest do standardowej opłaty za transport, której wysokość można sprawdzić w koszyku podczas składania zamówienia.
Mebligo;https://mebligo.pl;;;Ile się czeka na dostawę?;Dostawę realizujemy do 10 dni roboczych.
Mebligo;https://mebligo.pl;;;Czy dostarczamy na teren całego kraju?;Tak, nasze produkty dostarczamy do Klientów na terenie całego kraju.
Mebligo;https://mebligo.pl;;;Kiedy odbędzie się dostawa? Jaki jest status realizacji mojego zamówienia?;Po wyznaczeniu terminu dostawy otrzymasz od nas link z niezbędnymi informacjami.
Mebligo;https://mebligo.pl;;;Czy można zmienić termin/godziny dostawy?;Jeśli zaproponowany termin dostawy Państwu nie odpowiada, proponujemy nowy termin. Może to jednak wydłużyć proces dostawy, a wyznaczenie nowego terminu może potrwać do 10 dni roboczych (od daty wyznaczonej za pierwszym razem).
Mebligo;https://mebligo.pl;;;Czy istnieje możliwość wybrania dnia i godziny dostawy?;Niestety, nie ma możliwości wybrania dnia i godziny dostarczenia zamówienia. Do 3 dni przed przyjazdem spedycja poinformuje Cię o planowanym dniu i przedziale czasowym dostawy.
Mebligo;https://mebligo.pl;;;O której godzinie będzie kierowca z dostawą?;O terminie informujemy klientów w smsie wysyłanym na numer telefonu podany przy zamówieniu. Wyznaczony jest 4-godzinny przedział czasowy, w którym kierowca powinien pojawić się z dostawą. Kierowca może zadzwonić np. 1 godz. przed dostawą i poinformować o przybliżonej godzinie dostawy jeśli zgłosisz taką prośbę przy składaniu zamówienia. W wyjątkowych sytuacjach możesz też skontaktować się z naszym kierowcą w dniu dostawy.
Mebligo;https://mebligo.pl;;;Czy zabierzemy stare meble?;Niestety, nie oferujemy usługi recyklingu starych mebli.
Mebligo;https://mebligo.pl;;;Czy można odebrać zamówienie osobiście z siedziby firmy?;Niestety, nie ma możliwości odbioru osobistego w siedzibie firmy.
Mebligo;https://mebligo.pl;;;Czy mebel pakowany jest w paczkach?;Większość oferowanych produktów dostarczamy w kilku elementach do samodzielnego montażu. Ilość paczek zależna jest od kategorii oraz modelu, który został wybrany.
Mebligo;https://mebligo.pl;;;Czy zostanę poinformowany, kiedy i w jakich godzinach zostaną dostarczone zamówione przeze mnie meble?;Ok. 3-4 dni przed planowaną dostawą Klient otrzymuje od nas wiadomość sms o dniu dostawy. Podajemy 4-godzinny przedział czasowy, w którym mebel powinien zostać dostarczony. Prosimy też o kliknięcie linku i potwierdzenie terminu.
Mebligo;https://mebligo.pl;;;Czy można płacić w ratach?;Tak, przy płatności dostępne są informacje o płatnościach ratalnych.
Mebligo;https://mebligo.pl;;;Jak dokonać zakupów na raty?;Wszystkie informacje otrzymasz w banku, z którego oferty chcą Państwo skorzystać.
Mebligo;https://mebligo.pl;;;Jakie są metody płatności?;BLIK, Przelewy24, raty (Santander - Przelewy24), płatność przy odbiorze.
Mebligo;https://mebligo.pl;;;Link do płatności nie działa – co robić? Czy muszę składać zamówienie od nowa?;Zamówienie do nas dociera, jednak nie jest opłacone. Jeśli zauważysz, że płatność nie powiodła się, prosimy wybrać inną formę płatności, skontaktować się z bankiem lub z BOK.
Mebligo;https://mebligo.pl;;;Kiedy otrzymam dokument sprzedaży za moje zamówienie?;"Paragon zostaje wysłany drogą elektroniczną (przy płatności elektronicznej wysyłamy go od razu po opłaceniu zamówienia; przy pobraniu - po dostarczeniu mebla)."
Mebligo;https://mebligo.pl;;;Chciałbym otrzymać fakturę VAT za zakupiony towar – w jaki sposób mogę ją uzyskać?;"Jeśli przy składaniu zamówienia podasz podane poprawne dane, w tym NIP - wystawimy fakturę (otrzymasz ją przy płatności elektronicznej od razu po opłaceniu zamówienia; przy pobraniu - po dostarczeniu mebla)."
Mebligo;https://mebligo.pl;;;Czy przy płatności pobraniowej mogę płacić kartą?;Tak, nasi kierowcy posiadają terminale. Poinformuj nas jednak wcześniej o chęci płatności kartą przy odbiorze.
Mebligo;https://mebligo.pl;;;Jak złożyć zamówienie;W sklepie internetowym: Aby złożyć zamówienie w naszym sklepie, wybierz interesujący Cię produkt oraz jego parametry (kolor, stronę, rodzaj tkaniny, wypełnienie, itp.) zgodnie z Twoimi oczekiwaniami. Następnie dodaj produkt do koszyka. Uzupełnij dane adresowe i zaznacz sposób dostawy, jaki preferujesz. Wybierz najwygodniejszą formę płatności oraz w odpowiednim miejscu potwierdź akceptację regulaminu sklepu. Przed kliknięciem “POTWIERDŹ ZAKUP” upewnij się, czy wszystko się zgadza. Gotowe! Twój mebel w ciągu 10 dni roboczych trafi do Ciebie. lub Telefonicznie: Przygotuj nazwę mebla oraz niezbędne informacje (kolor, wypełnienie, kolor nóżek, system rozkładania, którym jesteś zainteresowany). Będziesz również poproszony o podanie wszystkich danych osobowych (imię, nazwisko, adres, nr tel oraz adres mailowy). Wszystko to możesz podać w czasie rozmowy telefonicznej z naszym konsultantem, który przyjmie Twoje zamówienie (telefon: +48 455 455 044).
Mebligo;https://mebligo.pl;;;Jak mogę anulować zamówienie ?;Aby anulować złożone zamówienie, napisz do nas wiadomość na adres kontakt@mebligo.pl lub zadzwoń na numer +48 455 455 044.
Mebligo;https://mebligo.pl;;;Czy mogę zmodyfikować moje zamówienie i np. dodać do niego produkty?;Nie. Raz złożonego zamówienia nie możesz modyfikować. Możesz np. anulować pierwsze zamówienie, a następnie złożyć kolejne zamówienie. Wszystkie wątpliwości rozwieją nasi konsultanci z BOK.
Mebligo;https://mebligo.pl;;;Skąd dowiem się, jaki jest stan realizacji mojego zamówienia?;Po wyznaczeniu terminu dostawy otrzymasz sms ze wszystkimi informacjami.
Mebligo;https://mebligo.pl;;;Ile wynosi czas realizacji zamówienia?;Twoje meble dotrą do Ciebie w ciągu 10 dni roboczych.
Selsey;https://selsey.pl;;;Czy mogę wybrać godzinę dostawy? Czy istnieje możliwość dostawy w wybrany dzień?;Niestety nie mamy możliwości dostarczania przesyłek w godzinach proponowanych przez Klienta. Firmy spedycyjne oraz kurierskie ustalają dzień oraz godzinę doręczenia na podstawie tras logistycznych. Nie jesteśmy w stanie zapewnić, że produkt trafi do Państwa w konkretnym dniu i godzinie.
Selsey;https://selsey.pl;;;Jaki jest czas dostawy?;Czas dostawy jest określony przy każdym produkcie. W przypadku zamówienia powyżej 1 sztuki spodziewaj się kilku dostaw, ponieważ bardzo często wychodzą one od różnych producentów i innymi terminami realizacji. Średni czas dostawy przez kuriera to 48h, w przypadku dostawy firmą spedycyjną to 2-3 dni.
Selsey;https://selsey.pl;;;Czy przewoźnik skontaktuje się ze mną przed dostawą?;W przypadku dostawy firmą spedycyjną, przewoźnik podejmie kontakt telefoniczny lub SMS-owy 24h przed dostawą, podczas którego poda przedział godzinowy planowanego doręczenia. Jeśli Twoje zamówienie będzie dostarczał kurier, możesz śledzić status swojej przesyłki na dedykowanej stronie przewoźnika. W dniu wysyłki każdego produktu otrzymasz od nas powiadomienie z numerem przesyłki oraz nazwą przewoźnika, który zrealizuje dostawę.
Selsey;https://selsey.pl;;;Jaki jest koszt dostawy?;Jeśli w koszyku masz kilka produktów, nie sumujemy kosztów dostawy. Płacisz tylko raz - najwyższy koszt dostawy spośród wszystkich wybranych produktów. Pełną kwotę zobaczysz w koszyku, zanim przejdziesz do płatności.
Selsey;https://selsey.pl;;;Czy kurier wniesie moje zamówienie?;Kurier nie zawsze ma obowiązek wniesienia zamówionej przez Ciebie przesyłki. Kurier ma obowiązek wniesienia przesyłki jeżeli jej waga nie przekracza 30 kg. Chyba, że została wybrana opcja dostawy z wniesieniem, wówczas przewoźnik wniesie przesyłkę do pierwszego pomieszczenia w lokalu.
Selsey;https://selsey.pl;;;Czy przewoźnik wnosi mebel do wybranego pomieszczenia?;Przewoźnik wniesie przesyłkę do pierwszego pomieszczenia w lokalu.
Selsey;https://selsey.pl;;;Czy jest możliwość jednej dostawy wszystkich produktów?;Nasze produkty posiadają różne czasy wysyłki i są wysyłane z różnych magazynów. Jedna dostawa wiąże się z wydłużeniem czasu realizacji oraz zwiększeniem kosztów dostawy. Jeśli zdecydujesz się na to rozwiązanie, skontaktuj się z nami na: biuro@selsey.pl.
Selsey;https://selsey.pl;;;Czy jest możliwa wysyłka zagranicę?;Obecnie zamówienia z polskiego sklepu realizujemy wyłącznie na terenie kraju. Jeśli jesteś z Niemiec, możesz wygodnie złożyć zamówienie w naszym niemieckim sklepie: https://selsey.de/
Selsey;https://selsey.pl;;;Czy muszę założyć konto, aby dokonać zakupu?;Nie. Możesz dokonać zakupu bez rejestracji. Zachęcamy jednak do założenia konta. Na bieżąco będziesz mógł śledzić status realizacji swojego zamówienia.
Selsey;https://selsey.pl;;;W jaki sposób mogę anulować swoje zamówienie?;Jeśli chcesz anulować zamówienie, skontaktuj się z nami, wypełniając formularz lub wysyłając wiadomość email na adres: orders@selsey.pl.
Selsey;https://selsey.pl;;;Jak mogę sprawdzić status zamówienia?;Aktualny status zamówienia dostępny jest pod linkiem, który umieszczamy w powiadomieniach do zamówienia. Jeśli pojawią się dodatkowe pytania zachęcamy do kontaktu z nami pod adresem orders@selsey.pl lub na chacie dostępnym na stronie naszego sklepu.
Selsey;https://selsey.pl;;;Czy jest możliwość opóźnienia wysyłki zamówienia? Jeśli tak, to o jaki czas?;Tak, możemy opóźnić wysyłkę Twojego zamówienia, ale maksymalnie o 20 dni kalendarzowych od czasu wysyłki, który podany jest w ofercie. Informacja musi trafić do nas w uwagach do zamówienia. Zamówienia z czasem realizacji 24-48h nie podlegają opóźnieniu wysyłki.
Selsey;https://selsey.pl;;;Co oznacza, że produkt jest w przedsprzedaży?;Oznacza to, że obecnie nie posiadamy na swoim magazynie zapasu tego produktu, ale oczekujemy na dostawę dużej ilości. W związku z produkcją dużej partii produktu terminy wysyłki mogą ulec przesunięciu. Najczęściej zakup w przedsprzedaży wiąże się również z lepszą ceną.
Selsey;https://selsey.pl;;;Jak mogę złożyć zamówienie?;Zamówienie możesz złożyć bezpośrednio przez naszą stronę internetową, dodając produkty do koszyka i przechodząc przez proces zamówienia.
Selsey;https://selsey.pl;;;Czy oferujecie montaż mebli?;Tak, przy wybranych produktach oferujemy taką usługę. Informacja o dostępności takiej usługi widoczna jest na karcie produktu.
Selsey;https://selsey.pl;;;Czy kolory mebli mogą różnić się od tych na zdjęciach?;Tak, niewielkie różnice kolorystyczne są możliwe ze względu na ustawienia monitora oraz oświetlenie podczas zdjęć.
Selsey;https://selsey.pl;;;Czy wszystkie meble wymagają montażu?;Większość mebli dostarczana jest w paczkach do samodzielnego montażu, z instrukcją.
Selsey;https://selsey.pl;;;Czy oferujecie meble na wymiar?;Meble oferowane w naszym sklepie są dostępne jedynie w kolorach i rozmiarach podanych na stronie konkretnego produktu. Nie mamy możliwości zmiany rozmiaru, czy wprowadzenia dodatkowych barw. W trosce o powtarzalność i jakość naszych produktów unikamy sprzedaży mebli na wymiar. Służymy natomiast doradztwem, by dopasować rozwiązanie do Twoich indywidualnych potrzeb.
Selsey;https://selsey.pl;;;Czy mogę zamówić próbki tkanin?;Tak, wszystkie oferowane próbki tkanin znajdziesz pod tym linkiem .
Selsey;https://selsey.pl;;;Czy mogę opłacić zamówienie przy dostawie?;Nie ma możliwości zapłaty za zamówienie przy odbiorze.
Selsey;https://selsey.pl;;;Ile mam czasu na opłacenie zamówienia, zanim zostanie ono anulowane?;Płatność jest wymagana w momencie składania zamówienia. Akceptujemy karty kredytowe, Apple Pay, Google Pay oraz Przelewy24 (w tym BLIK). Jedynym wyjątkiem jest płatność ratalna - w tym przypadku masz 48 godzin na wypełnienie wniosku kredytowego w banku.
Selsey;https://selsey.pl;;;W jaki sposób mogę złożyć reklamację?;Reklamację możesz złożyć przez formularz dostępny na naszej stronie lub wysyłając wiadomość na adres: reklamacje@selsey.pl. Opisz proszę dokładnie swój problem i jeśli jest to możliwe załącz zdjęcia. Prosimy nie wyrzucaj opakowań zewnętrznych reklamowanych produktów.
Selsey;https://selsey.pl;;;Ile mam czasu na zgłoszenie reklamacji?;Od momentu dostawy produktu, masz 24 miesiące na zgłoszenie reklamacji.
Selsey;https://selsey.pl;;;W jakim czasie reklamacje są rozpatrywane?;Reklamacje rozpatrujemy w terminie do 14 dni kalendarzowych od złożenia stosownego zgłoszenia, zgodnie z obowiązującymi przepisami.
Selsey;https://selsey.pl;;;Kurier poinformował mnie, że przesyłka jest uszkodzona. Co robić?;W takim przypadku nie odbieraj uszkodzonej przesyłki. Jest bardzo prawdopodobne, że jeśli paczka jest zniszczona, produkt znajdujący się wewnątrz również doznał uszkodzeń. Jeśli jednak uważasz, że uszkodzenie paczki nie będzie miało wpływu na stan produktu, możesz przyjąć paczkę. Jednak pamiętaj, by odnotować na protokole dostawy informację o uszkodzeniu opakowania. Dokonaj również oględzin wnętrza paczki przy kurierze, a w przypadku wystąpienia uszkodzeń na produkcie, odnotuj to z kurierem na protokole dostawy.
Selsey;https://selsey.pl;;;Produkt dotarł uszkodzony. Co mogę zrobić?;W przypadku odkrycia uszkodzenia mebla po otwarciu paczki, koniecznie skontaktuj się z dostawcą w celu spisania protokołu szkody. Masz na to aż 7 dni od momentu doręczenia przesyłki. Kolejnym krokiem jest kontakt z nami przez formularz kontaktowy lub wysyłając wiadomość na nasz adres: reklamacje@selsey.pl.
Selsey;https://selsey.pl;;;Otrzymałem produkt inny, niż zamawiałem, co robić?;Nie rozpoczynaj użytkowania ani nie montuj produktu. Tak szybko jak to możliwe wypełnij nasz formularz reklamacyjny. Pamiętaj, aby dołączyć do niego zdjęcie etykiety otrzymanego produktu. Pozwoli nam to sprawniej zweryfikować pomyłkę.
Selsey;https://selsey.pl;;;W jaki sposób mogę zgłosić chęć zwrotu produktu?;Chęć zwrotu możesz zgłosić przez, formularz dostępny na naszej stronie lub wysyłając wiadomość na adres: reklamacje@selsey.pl. Szczegółowe informacje dotyczące procedury zwrotu znajdziesz w zakładce Reklamacje i zwroty.
Selsey;https://selsey.pl;;;Jaki mam czas na odstąpienie od umowy i zwrot produktu?;Standardowo masz 14 dni kalendarzowych na zwrot produktu od momentu jego dostawy. Jeżeli jesteś subskrybentem naszego newslettera czas na zwrot od momentu dostawy wydłuża się do 60 dni.
Selsey;https://selsey.pl;;;Kiedy otrzymam zwrot pieniędzy za zwrócony przedmiot?;Zwrot środków realizowany jest do 14 dni kalendarzowych od momentu dostarczenia produktu na magazyn Sprzedającego.
