"Marka / sklep","Strona","FAQ / pomoc"
"Forte","forte.com.pl biznes-meble","Informacje dla klientów biznes-meble"
"Szynaka Meble","szynaka.pl biznes-meble","Kontakt / wsparcie Szynaka biznes-meble"
"Wersal","wersal.pl biznes-meble","Kontakt / serwis Wersal biznes-meble"
"Adriana Furniture","adriana.com.pl biznes-meble","FAQ / kontakt Adriana biznes-meble"
"Meble Wójcik","meblewojcik.com.pl biznes-meble","FAQ Wójcik biznes-meble"
"Com40 (sofy, materace)","com40.pl biznes-meble","Kontakt Com40 biznes-meble"
"Nowy Styl (biuro)","nowystyl.com/pl biznes-meble","Wsparcie Nowy Styl biznes-meble"
"Sits","sits.eu biznes-meble","FAQ / kontakt Sits biznes-meble"
"Mirjan24 (producent)","mirjan24.pl biznes-meble","Pomoc Mirjan24 carted"
"Bodzio (producent)","bodzio.pl biznes-meble","Regulaminy / info Bodzio bodzio"
"Kler","kler.eu polskiekonto","FAQ Kler polskiekonto"