"Sklep","Strona","FAQ / pomoc"
"meble.pl","meble.pl drewno+1","Pomoc meble.pl carted"
"Twoje Meble","twojemeble.pl carted","FAQ TwojeMeble carted"
"Selsey","selsey.pl carted","Pomoc Selsey carted"
"SF Meble","sfmeble.pl carted","Pomoc SF Meble carted"
"Meblobranie","meblobranie.pl carted","Pomoc Meblobranie carted"
"Emako (częściowo meble)","emako.pl carted","FAQ Emako carted"
"Westwing","westwing.pl carted","Pomoc Westwing carted"
"Dekoria","dekoria.pl carted","Pomoc Dekoria carted"
"Mirjan24","mirjan24.pl carted+1","Pomoc Mirjan24 carted"
"Meble wójcik (online)","meblewojcik.com.pl biznes-meble","FAQ Wójcik biznes-meble"
"Fabryka Form","fabrykaform.pl carted","Pomoc Fabryka Form carted"